Name,Domain,Cloudflare url,LogoDev
maxio,https://www.maxio.com/,https://developers.maxio.com/http/getting-started/overview,https://img.logo.dev/www.maxio.com/?token=pk_C1elIw7HR2yyKFwdqgPYHA
fortis,https://fortis-technologies.com/,https://docs.fortis.tech/v/1_0_0.html#/rest/quick-start-guide/overview,https://img.logo.dev/https://fortis-technologies.com/?token=pk_C1elIw7HR2yyKFwdqgPYHA
foxit-esign,https://www.foxit.com/,https://developers.foxitesign.foxit.com/v/1_0_0#/rest/installation-guidelines,https://img.logo.dev/www.foxit.com/?token=pk_C1elIw7HR2yyKFwdqgPYHA
greenbyte,https://www.powerfactors.com/,https://developer.greenbyte.com/v/2_2-beta#/http,https://img.logo.dev/www.powerfactors.com/?token=pk_C1elIw7HR2yyKFwdqgPYHA
shell,https://www.shell.com/,https://developer.shell.com/product-catalog/shell-digital-payments/sdk#/http/setting-up-sdks,https://img.logo.dev/www.shell.com/?token=pk_C1elIw7HR2yyKFwdqgPYHA
verizon,http://thingspace.verizon.com/,https://thingspace.verizon.com/documentation/api-documentation.html#/http/quick-start/introduction-to-the-verizon-api,https://img.logo.dev/http://thingspace.verizon.com/?token=pk_C1elIw7HR2yyKFwdqgPYHA
boku,https://www.boku.com/,https://developer.boku.com/xml/index.html#/http,https://img.logo.dev/www.boku.com/?token=pk_C1elIw7HR2yyKFwdqgPYHA
mindbody-online,https://www.mindbodyonline.com/,https://developers.mindbodyonline.com/ui/documentation/public-api,https://img.logo.dev/www.mindbodyonline.com/?token=pk_C1elIw7HR2yyKFwdqgPYHA
juniper-mist,https://www.juniper.net,https://www.juniper.net/documentation/us/en/software/mist/api/http/getting-started/how-to-get-started,https://img.logo.dev/www.juniper.net?token=pk_C1elIw7HR2yyKFwdqgPYHA
postnl,https://www.postnl.nl/en/,https://developer.postnl.nl/docs/#/python/getting-started/how-to-get-started,https://img.logo.dev/www.postnl.nl/en/?token=pk_C1elIw7HR2yyKFwdqgPYHA
apcopay,https://www.apcopay.com/,https://apcopayapi.apimatic.dev/v/1_0#/http/introduction/introduction,https://img.logo.dev/www.apcopay.com/?token=pk_C1elIw7HR2yyKFwdqgPYHA
hipay,https://www.hipay.com,http://hipay-apimatic-catalog.pages.dev,https://img.logo.dev/www.hipay.com?token=pk_C1elIw7HR2yyKFwdqgPYHA
worldline,https://www.worldline.com,http://worldline-apimatic-catalog.pages.dev,https://img.logo.dev/www.worldline.com?token=pk_C1elIw7HR2yyKFwdqgPYHA
ramp,https://www.ramp.com,http://ramp-apimatic-catalog.pages.dev,https://img.logo.dev/www.ramp.com?token=pk_C1elIw7HR2yyKFwdqgPYHA
sumup,https://www.sumup.com,http://sumup-apimatic-catalog.pages.dev,https://img.logo.dev/www.sumup.com?token=pk_C1elIw7HR2yyKFwdqgPYHA
revolut,https://www.revolut.com,http://revolut-apimatic-catalog.pages.dev,https://img.logo.dev/www.revolut.com?token=pk_C1elIw7HR2yyKFwdqgPYHA
payrix,https://www.payrix.com,http://payrix-apimatic-catalog.pages.dev,https://img.logo.dev/www.payrix.com?token=pk_C1elIw7HR2yyKFwdqgPYHA
payroc,https://www.payroc.com,http://payroc-apimatic-catalog.pages.dev,https://img.logo.dev/www.payroc.com?token=pk_C1elIw7HR2yyKFwdqgPYHA
nium,https://www.nium.com,http://nium-apimatic-catalog.pages.dev,https://img.logo.dev/www.nium.com?token=pk_C1elIw7HR2yyKFwdqgPYHA
pxp-solutions,https://www.pxp-solutions.com,http://pxp-solutions-apimatic-catalog.pages.dev,https://img.logo.dev/www.pxp-solutions.com?token=pk_C1elIw7HR2yyKFwdqgPYHA
ppro,https://www.ppro.com,http://ppro-apimatic-catalog.pages.dev,https://img.logo.dev/www.ppro.com?token=pk_C1elIw7HR2yyKFwdqgPYHA
paylocity,https://www.paylocity.com,http://paylocity-apimatic-catalog.pages.dev,https://img.logo.dev/www.paylocity.com?token=pk_C1elIw7HR2yyKFwdqgPYHA
payoneer,https://www.payoneer.com,http://payoneer-apimatic-catalog.pages.dev,https://img.logo.dev/www.payoneer.com?token=pk_C1elIw7HR2yyKFwdqgPYHA
moneyhub,https://www.moneyhub.com,http://moneyhub-apimatic-catalog.pages.dev,https://img.logo.dev/www.moneyhub.com?token=pk_C1elIw7HR2yyKFwdqgPYHA
n26,https://www.n26.com,http://n26-apimatic-catalog.pages.dev,https://img.logo.dev/www.n26.com?token=pk_C1elIw7HR2yyKFwdqgPYHA
modular,https://www.modulrfinance.com,http://modular-apimatic-catalog.pages.dev,https://img.logo.dev/www.modulrfinance.com?token=pk_C1elIw7HR2yyKFwdqgPYHA
merchante,https://www.merchante.com,http://merchante-apimatic-catalog.pages.dev,https://img.logo.dev/www.merchante.com?token=pk_C1elIw7HR2yyKFwdqgPYHA
mastercard,https://www.mastercard.com,http://mastercard-apimatic-catalog.pages.dev,https://img.logo.dev/www.mastercard.com?token=pk_C1elIw7HR2yyKFwdqgPYHA
jp-morgan-chase,https://www.jpmorganchase.com,http://jp-morgan-chase-apimatic-catalog.pages.dev,https://img.logo.dev/www.jpmorganchase.com?token=pk_C1elIw7HR2yyKFwdqgPYHA
klarna-apis,https://www.klarna.com,http://klarna-apis-apimatic-catalog.pages.dev,https://img.logo.dev/www.klarna.com?token=pk_C1elIw7HR2yyKFwdqgPYHA
coinbase,https://www.coinbase.com,http://coinbase-apimatic-catalog.pages.dev,https://img.logo.dev/www.coinbase.com?token=pk_C1elIw7HR2yyKFwdqgPYHA
fiserv,https://www.fiserv.com,http://fiserv-apimatic-catalog.pages.dev,https://img.logo.dev/www.fiserv.com?token=pk_C1elIw7HR2yyKFwdqgPYHA
conekta,https://www.conekta.com,http://conekta-apimatic-catalog.pages.dev,https://img.logo.dev/www.conekta.com?token=pk_C1elIw7HR2yyKFwdqgPYHA
dwolla,https://www.dwolla.com,http://dwolla-apimatic-catalog.pages.dev,https://img.logo.dev/www.dwolla.com?token=pk_C1elIw7HR2yyKFwdqgPYHA
galileo-ft,https://www.galileo-ft.com,http://galileo-ft-apimatic-catalog.pages.dev,https://img.logo.dev/www.galileo-ft.com?token=pk_C1elIw7HR2yyKFwdqgPYHA
elavon,https://www.elavon.com,http://elavon-apimatic-catalog.pages.dev,https://img.logo.dev/www.elavon.com?token=pk_C1elIw7HR2yyKFwdqgPYHA
cybersource,https://www.cybersource.com,http://cybersource-apimatic-catalog.pages.dev,https://img.logo.dev/www.cybersource.com?token=pk_C1elIw7HR2yyKFwdqgPYHA
celcoin,https://www.celcoin.com,http://celcoin-apimatic-catalog.pages.dev,https://img.logo.dev/www.celcoin.com?token=pk_C1elIw7HR2yyKFwdqgPYHA
clip,https://www.payclip.com,http://clip-apimatic-catalog.pages.dev,https://img.logo.dev/www.payclip.com?token=pk_C1elIw7HR2yyKFwdqgPYHA
adyen,https://www.payadyen.com,http://adyen-apimatic-catalog.pages.dev,https://img.logo.dev/www.payadyen.com?token=pk_C1elIw7HR2yyKFwdqgPYHA
bolt,https://www.paybolt.com,http://bolt-apimatic-catalog.pages.dev,https://img.logo.dev/www.paybolt.com?token=pk_C1elIw7HR2yyKFwdqgPYHA
brex,https://www.paybrex.com,http://brex-apimatic-catalog.pages.dev,https://img.logo.dev/www.paybrex.com?token=pk_C1elIw7HR2yyKFwdqgPYHA
marqeta,https://www.marqeta.com,http://marqeta-apimatic-catalog.pages.dev,https://img.logo.dev/www.marqeta.com?token=pk_C1elIw7HR2yyKFwdqgPYHA
form3,https://www.form3.tech,http://form3-apimatic-catalog.pages.dev,https://img.logo.dev/www.form3.tech?token=pk_C1elIw7HR2yyKFwdqgPYHA
ccbill,https://www.ccbill.com,http://ccbill-apimatic-catalog.pages.dev,https://img.logo.dev/www.ccbill.com?token=pk_C1elIw7HR2yyKFwdqgPYHA
izettle,https://www.izettle.com,http://izettle-apimatic-catalog.pages.dev,https://img.logo.dev/www.izettle.com?token=pk_C1elIw7HR2yyKFwdqgPYHA
paysafe,https://www.paysafe.com,http://paysafe-apimatic-catalog.pages.dev,https://img.logo.dev/www.paysafe.com?token=pk_C1elIw7HR2yyKFwdqgPYHA
banksapi,https://www.banksapi.de,http://banksapi-apimatic-catalog.pages.dev,https://img.logo.dev/www.banksapi.de?token=pk_C1elIw7HR2yyKFwdqgPYHA
basiq,https://www.basiq.io,http://basiq-apimatic-catalog.pages.dev,https://img.logo.dev/www.basiq.io?token=pk_C1elIw7HR2yyKFwdqgPYHA
ayoconnect,https://www.ayoconnect.com,http://ayoconnect-apimatic-catalog.pages.dev,https://img.logo.dev/www.ayoconnect.com?token=pk_C1elIw7HR2yyKFwdqgPYHA
akahu,https://www.akahu.nz,http://akahu-apimatic-catalog.pages.dev,https://img.logo.dev/www.akahu.com?token=pk_C1elIw7HR2yyKFwdqgPYHA
banqware,https://www.banqware.com,http://banqware-apimatic-catalog.pages.dev,https://img.logo.dev/www.banqware.com?token=pk_C1elIw7HR2yyKFwdqgPYHA
akurateco,https://www.akurateco.com,http://akurateco-apimatic-catalog.pages.dev,https://img.logo.dev/www.akurateco.com?token=pk_C1elIw7HR2yyKFwdqgPYHA
arcopay,https://www.arcopay.io,http://arcopay-apimatic-catalog.pages.dev,https://img.logo.dev/www.arcopay.io?token=pk_C1elIw7HR2yyKFwdqgPYHA
afterbanks,https://www.afterbanks.com,http://afterbanks-apimatic-catalog.pages.dev,https://img.logo.dev/www.afterbanks.com?token=pk_C1elIw7HR2yyKFwdqgPYHA
rapyd,https://www.rapyd.net,http://rapyd-apimatic-catalog.pages.dev,https://img.logo.dev/www.rapyd.net?token=pk_C1elIw7HR2yyKFwdqgPYHA
yapily,https://www.yapily.com,http://yapily-apimatic-catalog.pages.dev,https://img.logo.dev/www.yapily.com?token=pk_C1elIw7HR2yyKFwdqgPYHA
wyre,https://www.sendwyre.com,http://wyre-apimatic-catalog.pages.dev,https://img.logo.dev/www.sendwyre.com?token=pk_C1elIw7HR2yyKFwdqgPYHA
tyro-payments,https://www.tyro.com,http://tyro-payments-apimatic-catalog.pages.dev,https://img.logo.dev/www.tyro.com?token=pk_C1elIw7HR2yyKFwdqgPYHA
xsolla,https://www.xsolla.com,http://xsolla-apimatic-catalog.pages.dev,https://img.logo.dev/www.xsolla.com?token=pk_C1elIw7HR2yyKFwdqgPYHA
schufa-holding,https://www.schufa.de,http://schufa-holding-apimatic-catalog.pages.dev,https://img.logo.dev/www.schufa.de?token=pk_C1elIw7HR2yyKFwdqgPYHA
verifone,https://www.verifone.com,http://verifone-apimatic-catalog.pages.dev,https://img.logo.dev/www.verifone.com?token=pk_C1elIw7HR2yyKFwdqgPYHA
siliconvalleybank,https://www.svb.com,http://siliconvalleybank-apimatic-catalog.pages.dev,https://img.logo.dev/www.svb.com?token=pk_C1elIw7HR2yyKFwdqgPYHA
ebanx,https://www.ebanx.com,http://ebanx-apimatic-catalog.pages.dev,https://img.logo.dev/www.ebanx.com?token=pk_C1elIw7HR2yyKFwdqgPYHA
zolando,https://www.zolando.com,http://zolando-apimatic-catalog.pages.dev,https://img.logo.dev/www.zolando.com?token=pk_C1elIw7HR2yyKFwdqgPYHA
mollie,https://www.mollie.com,http://mollie-apimatic-catalog.pages.dev,https://img.logo.dev/www.mollie.com?token=pk_C1elIw7HR2yyKFwdqgPYHA
zip-co,https://www.zip.co,http://zip-co-apimatic-catalog.pages.dev,https://img.logo.dev/www.zip.co?token=pk_C1elIw7HR2yyKFwdqgPYHA
zai,https://www.hellozai.com,http://zai-apimatic-catalog.pages.dev,https://img.logo.dev/www.hellozai.com?token=pk_C1elIw7HR2yyKFwdqgPYHA
tink,https://www.tink.com,http://tink-apimatic-catalog.pages.dev,https://img.logo.dev/www.tink.com?token=pk_C1elIw7HR2yyKFwdqgPYHA
mone,https://www.mone.com,http://mone-apimatic-catalog.pages.dev,https://img.logo.dev/www.mone.com?token=pk_C1elIw7HR2yyKFwdqgPYHA
lukka,https://www.lukka.tech,http://lukka-apimatic-catalog.pages.dev,https://img.logo.dev/www.lukka.tech?token=pk_C1elIw7HR2yyKFwdqgPYHA
moonpay,https://www.moonpay.com,http://moonpay-apimatic-catalog.pages.dev,https://img.logo.dev/www.moonpay.com?token=pk_C1elIw7HR2yyKFwdqgPYHA
gusto,https://www.gusto.com,http://gusto-apimatic-catalog.pages.dev,https://img.logo.dev/www.gusto.com?token=pk_C1elIw7HR2yyKFwdqgPYHA
injective,https://www.injective.com,http://injective-apimatic-catalog.pages.dev,https://img.logo.dev/www.injective.com?token=pk_C1elIw7HR2yyKFwdqgPYHA
mercury,https://www.mercury.com,http://mercury-apimatic-catalog.pages.dev,https://img.logo.dev/www.mercury.com?token=pk_C1elIw7HR2yyKFwdqgPYHA
homelight,https://www.homelight.com,http://homelight-apimatic-catalog.pages.dev,https://img.logo.dev/www.homelight.com?token=pk_C1elIw7HR2yyKFwdqgPYHA
mambu,https://www.mambu.com,http://mambu-apimatic-catalog.pages.dev,https://img.logo.dev/www.mambu.com?token=pk_C1elIw7HR2yyKFwdqgPYHA
lunar,https://www.lunar.app,http://lunar-apimatic-catalog.pages.dev,https://img.logo.dev/www.lunar.app?token=pk_C1elIw7HR2yyKFwdqgPYHA
ledger,https://www.ledger.com,http://ledger-apimatic-catalog.pages.dev,https://img.logo.dev/www.ledger.com?token=pk_C1elIw7HR2yyKFwdqgPYHA
kraken,https://www.kraken.com,http://kraken-apimatic-catalog.pages.dev,https://img.logo.dev/www.kraken.com?token=pk_C1elIw7HR2yyKFwdqgPYHA
uniswap,https://www.uniswap.com,http://uniswap-apimatic-catalog.pages.dev,https://img.logo.dev/www.uniswap.com?token=pk_C1elIw7HR2yyKFwdqgPYHA
trulioo,https://www.trulioo.com,http://trulioo-apimatic-catalog.pages.dev,https://img.logo.dev/www.trulioo.com?token=pk_C1elIw7HR2yyKFwdqgPYHA
avant,https://www.avant.com,http://avant-apimatic-catalog.pages.dev,https://img.logo.dev/www.avant.com?token=pk_C1elIw7HR2yyKFwdqgPYHA
circle,https://www.circle.com,http://circle-apimatic-catalog.pages.dev,https://img.logo.dev/www.circle.com?token=pk_C1elIw7HR2yyKFwdqgPYHA
addepar,https://www.addepar.com,http://addepar-apimatic-catalog.pages.dev,https://img.logo.dev/www.addepar.com?token=pk_C1elIw7HR2yyKFwdqgPYHA
carta,https://www.carta.com,http://carta-apimatic-catalog.pages.dev,https://img.logo.dev/www.carta.com?token=pk_C1elIw7HR2yyKFwdqgPYHA
coinlist,https://www.coinlist.co,http://coinlist-apimatic-catalog.pages.dev,https://img.logo.dev/www.coinlist.co?token=pk_C1elIw7HR2yyKFwdqgPYHA
chippercash,https://www.chippercash.com,http://chippercash-apimatic-catalog.pages.dev,https://img.logo.dev/www.chippercash.com?token=pk_C1elIw7HR2yyKFwdqgPYHA
clearstreet,https://www.clearstreet.io,http://clearstreet-apimatic-catalog.pages.dev,https://img.logo.dev/www.clearstreet.io?token=pk_C1elIw7HR2yyKFwdqgPYHA
blockchain,https://www.blockchain.com,http://blockchain-apimatic-catalog.pages.dev,https://img.logo.dev/www.blockchain.com?token=pk_C1elIw7HR2yyKFwdqgPYHA
openpayd,https://www.openpayd.com,http://openpayd-apimatic-catalog.pages.dev,https://img.logo.dev/www.openpayd.com?token=pk_C1elIw7HR2yyKFwdqgPYHA
crosskey,https://www.crosskey.io,http://crosskey-apimatic-catalog.pages.dev,https://img.logo.dev/www.crosskey.io?token=pk_C1elIw7HR2yyKFwdqgPYHA
dapi,https://www.dapi.com,http://dapi-apimatic-catalog.pages.dev,https://img.logo.dev/www.dapi.com?token=pk_C1elIw7HR2yyKFwdqgPYHA
mondu,https://www.mondu.ai,http://mondu-apimatic-catalog.pages.dev,https://img.logo.dev/www.mondu.ai?token=pk_C1elIw7HR2yyKFwdqgPYHA
paynova,https://www.paynova.com,http://paynova-apimatic-catalog.pages.dev,https://img.logo.dev/www.paynova.com?token=pk_C1elIw7HR2yyKFwdqgPYHA
crezco,https://www.crezco.com,http://crezco-apimatic-catalog.pages.dev,https://img.logo.dev/www.crezco.com?token=pk_C1elIw7HR2yyKFwdqgPYHA
codat,https://www.codat.com,http://codat-apimatic-catalog.pages.dev,https://img.logo.dev/www.codat.com?token=pk_C1elIw7HR2yyKFwdqgPYHA
belvo,https://www.belvo.com,http://belvo-apimatic-catalog.pages.dev,https://img.logo.dev/www.belvo.com?token=pk_C1elIw7HR2yyKFwdqgPYHA
akoya,https://www.akoya.com,http://akoya-apimatic-catalog.pages.dev,https://img.logo.dev/www.akoya.com?token=pk_C1elIw7HR2yyKFwdqgPYHA
mx,https://www.mx.com,http://mx-apimatic-catalog.pages.dev,https://img.logo.dev/www.mx.com?token=pk_C1elIw7HR2yyKFwdqgPYHA
figo,https://www.figopayment.com,http://figo-apimatic-catalog.pages.dev,https://img.logo.dev/www.figopayment.com?token=pk_C1elIw7HR2yyKFwdqgPYHA
bud,https://www.thisisbud.com,http://bud-apimatic-catalog.pages.dev,https://img.logo.dev/www.thisisbud.com?token=pk_C1elIw7HR2yyKFwdqgPYHA
bunq,https://www.bunq.com,http://bunq-apimatic-catalog.pages.dev,https://img.logo.dev/www.bunq.com?token=pk_C1elIw7HR2yyKFwdqgPYHA
fireblocks,https://www.fireblocks.com,http://fireblocks-apimatic-catalog.pages.dev,https://img.logo.dev/www.fireblocks.com?token=pk_C1elIw7HR2yyKFwdqgPYHA
floqast,https://www.floqast.com,http://floqast-apimatic-catalog.pages.dev,https://img.logo.dev/www.floqast.com?token=pk_C1elIw7HR2yyKFwdqgPYHA
flutterwave,https://www.flutterwave.com,http://flutterwave-apimatic-catalog.pages.dev,https://img.logo.dev/www.flutterwave.com?token=pk_C1elIw7HR2yyKFwdqgPYHA
figment,https://www.figment.io,http://figment-apimatic-catalog.pages.dev,https://img.logo.dev/www.figment.io?token=pk_C1elIw7HR2yyKFwdqgPYHA
flow,https://www.flow.com,http://flow-apimatic-catalog.pages.dev,https://img.logo.dev/www.flow.com?token=pk_C1elIw7HR2yyKFwdqgPYHA
truelayer,https://www.truelayer.com,http://truelayer-apimatic-catalog.pages.dev,https://img.logo.dev/www.truelayer.com?token=pk_C1elIw7HR2yyKFwdqgPYHA
the-bank-of-london,https://www.thebankoflondon.com,http://the-bank-of-london-apimatic-catalog.pages.dev,https://img.logo.dev/www.thebankoflondon.com?token=pk_C1elIw7HR2yyKFwdqgPYHA
teya,https://www.teya.com,http://teya-apimatic-catalog.pages.dev,https://img.logo.dev/www.teya.com?token=pk_C1elIw7HR2yyKFwdqgPYHA
paxos,https://www.paxos.com,http://paxos-apimatic-catalog.pages.dev,https://img.logo.dev/www.paxos.com?token=pk_C1elIw7HR2yyKFwdqgPYHA
symphony,https://www.symphony.com,http://symphony-apimatic-catalog.pages.dev,https://img.logo.dev/www.symphony.com?token=pk_C1elIw7HR2yyKFwdqgPYHA
snapdocs,https://www.snapdocs.com,http://snapdocs-apimatic-catalog.pages.dev,https://img.logo.dev/www.snapdocs.com?token=pk_C1elIw7HR2yyKFwdqgPYHA
neon,https://www.neon.tech,http://neon-apimatic-catalog.pages.dev,https://img.logo.dev/www.neon.tech?token=pk_C1elIw7HR2yyKFwdqgPYHA
paystand,https://www.paystand.com,http://paystand-apimatic-catalog.pages.dev,https://img.logo.dev/www.paystand.com?token=pk_C1elIw7HR2yyKFwdqgPYHA
taxbit,https://www.taxbit.com,http://taxbit-apimatic-catalog.pages.dev,https://img.logo.dev/www.taxbit.com?token=pk_C1elIw7HR2yyKFwdqgPYHA
solaris,https://www.solaris.com,http://solaris-apimatic-catalog.pages.dev,https://img.logo.dev/www.solaris.com?token=pk_C1elIw7HR2yyKFwdqgPYHA
kudosity,https://www.kudosity.com,http://kudosity-apimatic-catalog.pages.dev,https://img.logo.dev/www.kudosity.com?token=pk_C1elIw7HR2yyKFwdqgPYHA
inxpress,https://www.inxpress.com,http://inxpress-apimatic-catalog.pages.dev,https://img.logo.dev/www.inxpress.com?token=pk_C1elIw7HR2yyKFwdqgPYHA
clickatell,https://www.clickatell.com,http://clickatell-apimatic-catalog.pages.dev,https://img.logo.dev/www.clickatell.com?token=pk_C1elIw7HR2yyKFwdqgPYHA
fastspring,https://www.fastspring.com,http://fastspring-apimatic-catalog.pages.dev,https://img.logo.dev/www.fastspring.com?token=pk_C1elIw7HR2yyKFwdqgPYHA
global-freight-solutions,https://www.gfsdeliver.com/,http://global-freight-solutions-apimatic-catalog.pages.dev,https://img.logo.dev/www.gfsdeliver.com/?token=pk_C1elIw7HR2yyKFwdqgPYHA
bandwidth,https://www.bandwidth.com,http://bandwidth-apimatic-catalog.pages.dev,https://img.logo.dev/www.bandwidth.com?token=pk_C1elIw7HR2yyKFwdqgPYHA
heymarket,https://www.heymarket.com,http://heymarket-apimatic-catalog.pages.dev,https://img.logo.dev/www.heymarket.com?token=pk_C1elIw7HR2yyKFwdqgPYHA
bambora,https://www.bambora.com,http://bambora-apimatic-catalog.pages.dev,https://img.logo.dev/www.bambora.com?token=pk_C1elIw7HR2yyKFwdqgPYHA
truelayer,https://www.truelayer.com,http://truelayer-apimatic-catalog.pages.dev,https://img.logo.dev/www.truelayer.com?token=pk_C1elIw7HR2yyKFwdqgPYHA
dojo,https://www.dojo.tech,http://dojo-apimatic-catalog.pages.dev,https://img.logo.dev/www.dojo.tech?token=pk_C1elIw7HR2yyKFwdqgPYHA
keybank,https://www.keybank.com,http://keybank-apimatic-catalog.pages.dev,https://img.logo.dev/www.keybank.com?token=pk_C1elIw7HR2yyKFwdqgPYHA
luminor,https://www.luminor.lt,http://luminor-apimatic-catalog.pages.dev,https://img.logo.dev/www.luminor.lt?token=pk_C1elIw7HR2yyKFwdqgPYHA
finix,https://www.finix.com,http://finix-apimatic-catalog.pages.dev,https://img.logo.dev/www.finix.com?token=pk_C1elIw7HR2yyKFwdqgPYHA
fnz-group,https://www.fnz-group.com,http://fnz-group-apimatic-catalog.pages.dev,https://img.logo.dev/www.fnz-group.com?token=pk_C1elIw7HR2yyKFwdqgPYHA
jumio,https://www.jumio.com,http://jumio-apimatic-catalog.pages.dev,https://img.logo.dev/www.jumio.com?token=pk_C1elIw7HR2yyKFwdqgPYHA
great-american-insurance,https://www.greatamericaninsurancegroup.com,http://great-american-insurance-apimatic-catalog.pages.dev,https://img.logo.dev/www.greatamericaninsurancegroup.com?token=pk_C1elIw7HR2yyKFwdqgPYHA
corpay,https://www.corpay.com,http://corpay-apimatic-catalog.pages.dev,https://img.logo.dev/www.corpay.com?token=pk_C1elIw7HR2yyKFwdqgPYHA
deutsche-bank,https://www.deutsche-bank.com,http://deutsche-bank-apimatic-catalog.pages.dev,https://img.logo.dev/www.deutsche-bank.com?token=pk_C1elIw7HR2yyKFwdqgPYHA
common-wealth-bank,https://www.commbank.com.au,http://common-wealth-bank-apimatic-catalog.pages.dev,https://img.logo.dev/www.commbank.com.au?token=pk_C1elIw7HR2yyKFwdqgPYHA
check,https://www.checkhq.com,http://check-apimatic-catalog.pages.dev,https://img.logo.dev/www.checkhq.com?token=pk_C1elIw7HR2yyKFwdqgPYHA
dnb,https://www.dnb.com,http://dnb-apimatic-catalog.pages.dev,https://img.logo.dev/www.dnb.com?token=pk_C1elIw7HR2yyKFwdqgPYHA
bakkt,https://www.bakkt.com,http://bakkt-apimatic-catalog.pages.dev,https://img.logo.dev/www.bakkt.com?token=pk_C1elIw7HR2yyKFwdqgPYHA
experian,https://www.experian.com,http://experian-apimatic-catalog.pages.dev,https://img.logo.dev/www.experian.com?token=pk_C1elIw7HR2yyKFwdqgPYHA
chubb,https://www.chubb.com,http://chubb-apimatic-catalog.pages.dev,https://img.logo.dev/www.chubb.com?token=pk_C1elIw7HR2yyKFwdqgPYHA
bnp-paribas,https://www.group.bnpparibas,http://bnp-paribas-apimatic-catalog.pages.dev,https://img.logo.dev/www.group.bnpparibas?token=pk_C1elIw7HR2yyKFwdqgPYHA
dock-tech,https://www.dock-tech.com,http://dock-tech-apimatic-catalog.pages.dev,https://img.logo.dev/www.dock-tech.com?token=pk_C1elIw7HR2yyKFwdqgPYHA
cigna,https://www.cigna.com,http://cigna-apimatic-catalog.pages.dev,https://img.logo.dev/www.cigna.com?token=pk_C1elIw7HR2yyKFwdqgPYHA
nab,https://www.nab.com,http://nab-apimatic-catalog.pages.dev,https://img.logo.dev/www.nab.com?token=pk_C1elIw7HR2yyKFwdqgPYHA
north-american-bancard,https://www.north.com,http://north-american-bancard-apimatic-catalog.pages.dev,https://img.logo.dev/www.north.com?token=pk_C1elIw7HR2yyKFwdqgPYHA
railsr,https://www.railsr.com,http://railsr-apimatic-catalog.pages.dev,https://img.logo.dev/www.railsr.com?token=pk_C1elIw7HR2yyKFwdqgPYHA
satispay,https://www.satispay.com,http://satispay-apimatic-catalog.pages.dev,https://img.logo.dev/www.satispay.com?token=pk_C1elIw7HR2yyKFwdqgPYHA
payfit,https://www.payfit.com,http://payfit-apimatic-catalog.pages.dev,https://img.logo.dev/www.payfit.com?token=pk_C1elIw7HR2yyKFwdqgPYHA
sovos,https://www.sovos.com,http://sovos-apimatic-catalog.pages.dev,https://img.logo.dev/www.sovos.com?token=pk_C1elIw7HR2yyKFwdqgPYHA
rootplatform,https://www.rootplatform.com,http://rootplatform-apimatic-catalog.pages.dev,https://img.logo.dev/www.rootplatform.com?token=pk_C1elIw7HR2yyKFwdqgPYHA
scalapay,https://www.scalapay.com,http://scalapay-apimatic-catalog.pages.dev,https://img.logo.dev/www.scalapay.com?token=pk_C1elIw7HR2yyKFwdqgPYHA
orum,https://www.orum.com,http://orum-apimatic-catalog.pages.dev,https://img.logo.dev/www.orum.com?token=pk_C1elIw7HR2yyKFwdqgPYHA
santander-uk,https://www.santander.co.uk,http://santander-uk-apimatic-catalog.pages.dev,https://img.logo.dev/www.santander.co.uk?token=pk_C1elIw7HR2yyKFwdqgPYHA
opensea,https://www.opensea.io,http://opensea-apimatic-catalog.pages.dev,https://img.logo.dev/www.opensea.io?token=pk_C1elIw7HR2yyKFwdqgPYHA
sagesure,https://www.sagesure.com,http://sagesure-apimatic-catalog.pages.dev,https://img.logo.dev/www.sagesure.com?token=pk_C1elIw7HR2yyKFwdqgPYHA
solid,https://www.solidifi.com/,http://solid-apimatic-catalog.pages.dev,https://img.logo.dev/www.solidifi.com/?token=pk_C1elIw7HR2yyKFwdqgPYHA
paymob,https://www.paymob.com,http://paymob-apimatic-catalog.pages.dev,https://img.logo.dev/www.paymob.com?token=pk_C1elIw7HR2yyKFwdqgPYHA
sila,https://www.silamoney.com,http://sila-apimatic-catalog.pages.dev,https://img.logo.dev/www.silamoney.com?token=pk_C1elIw7HR2yyKFwdqgPYHA
treasure-data,https://www.treasuredata.com/,http://treasure-data-apimatic-catalog.pages.dev,https://img.logo.dev/www.treasuredata.com/?token=pk_C1elIw7HR2yyKFwdqgPYHA
token,https://www.token.com,http://token-apimatic-catalog.pages.dev,https://img.logo.dev/www.token.com?token=pk_C1elIw7HR2yyKFwdqgPYHA
toast,https://www.pos.toasttab.com,http://toast-apimatic-catalog.pages.dev,https://img.logo.dev/www.pos.toasttab.com?token=pk_C1elIw7HR2yyKFwdqgPYHA
veem,https://www.veem.com,http://veem-apimatic-catalog.pages.dev,https://img.logo.dev/www.veem.com?token=pk_C1elIw7HR2yyKFwdqgPYHA
vipps-mobilepay,https://www.vipps.no,http://vipps-mobilepay-apimatic-catalog.pages.dev,https://img.logo.dev/www.vipps.no?token=pk_C1elIw7HR2yyKFwdqgPYHA
sumsub,https://www.sumsub.com,http://sumsub-apimatic-catalog.pages.dev,https://img.logo.dev/www.sumsub.com?token=pk_C1elIw7HR2yyKFwdqgPYHA
western-union,https://www.westernunion.com/,http://western-union-apimatic-catalog.pages.dev,https://img.logo.dev/www.westernunion.com/?token=pk_C1elIw7HR2yyKFwdqgPYHA
zeta-tech,https://www.zeta-tech.com,http://zeta-tech-apimatic-catalog.pages.dev,https://img.logo.dev/www.zeta-tech.com?token=pk_C1elIw7HR2yyKFwdqgPYHA